{
    "idSave": 2824,
    "isFirstSession": false,
    "language": "en",
    "promptDone": false,
    "resources": [
        3173155,
        3756384,
        746287,
        513344,
        0,
        0
    ],
    "fixed_extraction": [
        12040,
        12025,
        2400,
        1500,
        0,
        0
    ],
    "click_extraction": [
        1371,
        1631,
        16,
        1026,
        0,
        0
    ],
    "current_location": 5,
    "load_lvl_eqpm_arr": [
        10,
        10,
        10,
        5,
        10,
        10,
        8,
        10,
        5,
        5,
        8,
        5,
        9,
        5,
        5,
        0,
        0,
        0,
        0,
        0,
        0,
        0,
        0,
        0,
        0,
        0,
        0,
        0,
        0,
        0,
        0,
        0,
        0,
        0
    ],
    "load_is_died_arr": [
        true,
        true,
        false,
        false,
        true,
        true,
        false,
        true,
        false,
        false,
        false,
        false,
        false,
        false,
        false,
        false,
        false,
        false,
        false,
        false,
        false,
        false,
        false,
        false,
        false,
        false,
        false,
        false,
        false,
        false,
        false,
        false,
        false,
        false
    ],
    "no_reset": true,
    "help_change": 0.09999999403953552,
    "help_noob": 0.10000001639127732,
    "current_language": 1,
    "timeToComplete": 1223.6875,
    "better_time": 3.4028234663852887e38,
    "briefing_off": true,
    "lvl_briefing": 0,
    "play_briefing_wolf": false
}